{
  "task_name": "DeliverStraw",
  "name": "default_from_demo_ep0",
  "layout": 16,
  "style": 58,
  "seed": null,
  "base_pos": [
    1.4650760724550613,
    -0.9796899009627618,
    0.0
  ],
  "base_yaw": -1.5710887169007037e-07,
  "eef_pos": [
    2.096999797907784,
    -0.9824295599825326,
    1.361933303377373
  ],
  "eef_quat_wxyz": [
    0.08469849824905396,
    0.6927257776260376,
    0.7023507952690125,
    0.14021597802639008
  ],
  "gripper": 0.0
}
