{
  "task_name": "HotDogSetup",
  "name": "default_from_demo_ep0",
  "layout": 22,
  "style": 14,
  "seed": null,
  "base_pos": [
    1.8641937866271814,
    -0.8203564351671907,
    0.0
  ],
  "base_yaw": 1.5707964897155762,
  "eef_pos": [
    2.334929347599539,
    -0.5969182215118721,
    1.3630559888459046
  ],
  "eef_quat_wxyz": [
    0.01072879321873188,
    0.007841791026294231,
    -0.990668773651123,
    -0.1356421560049057
  ],
  "gripper": 0.0
}
