{
  "task_name": "MovePan",
  "name": "layout15_style34_seed0_counter_stove",
  "layout": 15,
  "style": 34,
  "seed": 0,
  "source_fixture": "counter",
  "target_fixture": "stove",
  "base_pos": [
    0.8030016942235026,
    -2.969375411224443,
    0.0
  ],
  "base_yaw": -3.141592502593994,
  "eef_pos": [
    0.5575841811894522,
    -2.9560661600223463,
    1.3023355696846037
  ],
  "eef_quat_wxyz": [
    0.14054304361343384,
    0.7133584022521973,
    -0.6809701323509216,
    -0.08744765818119049
  ],
  "gripper": 0.0
}
